{
    "127.0.0.1": {
        "ip": "127.0.0.1",
        "request_count": 36250,
        "first_detected": 1725002062.777099,
        "last_detected": 1725002091.786999
    }
}